{"cameraMode":{"drawMode":0,"name":"Shaded","section":"Shading Mode"},"sceneLighting":false,"audioPlay":false,"sceneViewState":{"showFog":true,"showMaterialUpdate":false,"showSkybox":false,"showFlares":true,"showImageEffects":true,"showParticleSystems":true},"in2DMode":false,"pivot":{"x":-0.8419321775436401,"y":-0.19012653827667237,"z":0.07607543468475342},"rotation":{"x":-0.05010882765054703,"y":0.9357113838195801,"z":-0.3161298334598541,"w":-0.148316890001297},"size":2.0660252571105959,"orthographic":false}