{"cameraMode":{"drawMode":0,"name":"Shaded","section":"Shading Mode"},"sceneLighting":false,"audioPlay":false,"sceneViewState":{"showFog":true,"showMaterialUpdate":false,"showSkybox":false,"showFlares":true,"showImageEffects":true,"showParticleSystems":true},"in2DMode":false,"pivot":{"x":-3.5251481533050539,"y":-3.5477070808410646,"z":4.818663120269775},"rotation":{"x":-0.2433183640241623,"y":0.35139477252960207,"z":-0.09510201215744019,"w":-0.8990439176559448},"size":5.457669258117676,"orthographic":false}