{"cameraMode":{"drawMode":0,"name":"Shaded","section":"Shading Mode"},"sceneLighting":true,"audioPlay":false,"sceneViewState":{"showFog":true,"showMaterialUpdate":false,"showSkybox":true,"showFlares":true,"showImageEffects":true,"showParticleSystems":true},"in2DMode":false,"pivot":{"x":1.046210765838623,"y":-0.40451574325561526,"z":3.6747829914093019},"rotation":{"x":-0.25706347823143008,"y":0.3083285689353943,"z":-0.08693107217550278,"w":-0.9117565155029297},"size":4.766025543212891,"orthographic":false}